sr,clientName,gstin,clientType,senior,multiRegistration,member,turnover,papilioId,gstr9Status,gstr9cStatus,proposalStatus,targetDate,gstr9Arn,gstr9Date,gstr9cArn,gstr9cDate,mailSent,papilioUpdate,remarks
1,Artium Academy Private Limited - KA,29AAUCA5890K1ZP,Non CAS,Chandru,No,Sachin,0,,In Progress,Filed,Pending,,,,,,No,Pending,
2,Artium Academy Private Limited - MH,27AAUCA5890K1ZT,Non CAS,Chandru,No,Sachin,0,,In Progress,In Progress,Pending,,,,,,No,Pending,
3,Artium Academy Private Limited - TN,33AAUCA5890K1Z0,Non CAS,Chandru,No,Sachin,0,,In Progress,In Progress,Pending,,,,,,No,Pending,
4,Catchpoint Systems Private Limited,29AAGCC2342G1ZT,Non CAS,Chandru,No,Sachin,0,,In Progress,In Progress,Pending,,,,,,No,Pending,
5,Chainbrain Private Limited,33AAKCC0146L1ZR,CAS,Chandru,No,Praveen R,0,,In Progress,In Progress,Pending,,,,,,No,Pending,
6,ERDAC Solutions Private Limited,29AAFCE3682E1ZJ,CAS,Chandru,No,Praveen R,0,,In Progress,Pending,Pending,,,,,,No,Pending,
7,FSINV Global Services Private Limited,29AAGCF1565Q1ZY,CAS,Chandru,No,Guruprasad,0,,In Progress,Pending,Pending,,,,,,No,Pending,
8,Lila Games Private Limited,29AAECL4365L1Z0,CAS,Chandru,No,Siddaraju,0,,In Progress,In Progress,Pending,,,,,,No,Pending,
9,Mitti Agricarbon India Private Limited MH,27AARCM2859B1Z8,CAS,Chandru,No,Praveen R,0,,Completed,Pending,Pending,,AD2703258021866,2025-12-09 00:00:00,,,No,Pending,
10,Munchmart Technologies Private Limited,29AASCM3040R1ZN,CAS,Chandru,No,Nisarga G,0,,Ready for senior review,Pending,Pending,,,,,,No,Pending,
11,ODDR Technologies Private Limited,27AAECO0983H1ZA,CAS,Chandru,No,Nisarga G,0,,Completed,Pending,Pending,,AD2703257978949,2025-12-08 00:00:00,,,No,Pending,
12,Rebright Partners India Private Limited,29AAKCR4610A1ZN,CAS,Chandru,No,Siddaraju,0,,Completed,Pending,Pending,25-11-2025,AC2903251400487,29-11-2025,,,Pending,Yes,
13,Scioteq Private Limited,29ABMCS5313C1ZC,CAS,Chandru,No,Siddaraju,0,,In Progress,In Progress,Pending,,,,,,No,Pending,
14,Simerics Technology India Pvt Ltd,29AAXCS5861R1ZV,CAS,Chandru,No,Praveen Poojary,0,,In Progress,In Progress,Pending,,,,,,No,Pending,
15,Starburst Data India Private Limited,29ABLCS4791F1ZR,CAS,Chandru,No,Sachin,0,,In Progress,In Progress,Pending,,,,,,No,Pending,
16,Tratak Consulting India LLP,29AAVFT4210C1Z4,CAS,Chandru,No,Siddaraju,0,,Completed,Pending,Pending,29-11-2025,AC290325145974P,04-12-2025,,,Pending,Yes,
17,Tri Electric Private Limited,33AAFCT0809C1ZW,CAS,Chandru,No,Arun Kumar T,0,,In Progress,In Progress,Pending,,,,,,No,Pending,
18,Useblitz India Private Limited,29AADCU3070G1ZB,CAS,Chandru,No,Sachin,0,,Completed,Pending,Billing sheet updated,,,,,,No,Pending,
19,Ystral India Private Limited,29AAACY6255G1Z1,CAS,Chandru,No,Praveen Poojary,0,,In Progress,Pending,Pending,,,,,,No,Pending,
20,ZPE Systems India Private Limited,29AABCZ2988E1ZV,CAS,Chandru,No,Nisarga G,0,,Ready for senior review,Ready for senior review,Pending,,,,,,No,Pending,
21,LT APPAREL PRIVATE LIMITED,29AABCL5037A1ZV,,Aditya,No,Sandeep bhat,0,,In Progress,In Progress,Pending,,,,,,No,Pending,
22,Workspot Private Limited,36AACCW0543R1ZW,,Aditya,No,Sandeep bhat,0,,Completed,Completed,Pending,,AB360325036514C,2025-11-25 00:00:00,AB3603250366083,2025-11-25 00:00:00,No,Pending,
23,Spring ML India Development Center Private Limited,36ABACS1528B1ZU,,Aditya,No,Prajwala,0,,In Progress,In Progress,Pending,,,,,,No,Pending,
24,Kristal Advisors Private Limited - Karnataka,29AAGCK2422D1ZU,,Aditya,No,Prajwala,0,,In Progress,In Progress,Pending,,,,,,No,Pending,
25,Kristal Advisors Private Limited - Delhi,07AAGCK2422D1Z0,,Aditya,No,Prajwala,0,,In Progress,In Progress,Pending,,,,,,No,Pending,
26,O2O Software Services Private Limited - Karnataka,29AACCO2717M1Z5,,Aditya,No,Prajwala,0,,In Progress,In Progress,Pending,,,,,,No,Pending,
27,O2O Software Services Private Limited - Maharashtra,27AACCO2717M1Z9,,Aditya,No,Prajwala,0,,In Progress,In Progress,Pending,,,,,,No,Pending,
28,Tambora Systems India Private Limited,29AATCS4060J1ZQ,,Aditya,No,Vinay kumar ,0,,In Progress,In Progress,Pending,,,,,,No,Pending,
29,Zucitech Software Solutions Private Limited,29AAACZ9280E1ZX,,Aditya,No,Prajwala,0,,In Progress,In Progress,Pending,,,,,,No,Pending,
30,NITIN JAGANNATH DESHMUKH,27AAGPD1399F1ZS,,Aditya,No,Prajwala,0,,In Progress,In Progress,Pending,,,,,,No,Pending,
31,Joyride Games Private Limited ,29AAECJ9166B1ZE,,Aditya,No,Prajwala,0,,Completed,Completed,Billing sheet updated & Service closed,,,,,,No,Pending,
32,MAGNETICCAP INDIA PRIVATE LIMITED,29AAOCM2197H1ZW,,Aditya,No,Prajwala,0,,Completed,Pending,Billing sheet updated & Service closed,,,,,,No,Pending,
33,XTO10X TECHNOLOGIES PRIVATE LIMITED,29AAACX2697R1Z9,,Aditya,No,Vinay kumar ,0,,In Progress,In Progress,Pending,,,,,,No,Pending,
34,Firside Ventures Investment Fund II,29AAATF7171K1ZB,,Aditya,No,Praveen Poojary,0,,In Progress,In Progress,Pending,,,,,,No,Pending,
35,Fireside Investment Advisory LLP ,29AAFFF0042A2Z3,,Aditya,No,Praveen Poojary,0,,In Progress,In Progress,Pending,,,,,,No,Pending,
36,Boxseat Ventures Private Limited - Karnataka,29AAJCB8385R1ZH,,Aditya,No,Sandeep bhat,0,,In Progress,In Progress,Pending,,,,,,No,Pending,
37,Boxseat Ventures Private Limited - Maharashtra,27AAJCB8385R1ZL,,Aditya,No,Sandeep bhat,0,,In Progress,In Progress,Pending,,,,,,No,Pending,
38,Boxseat Ventures Private Limited - Punjab,03AAJCB8385R1ZV,,Aditya,No,Sandeep bhat,0,,In Progress,In Progress,Pending,,,,,,No,Pending,
39,Boxseat Ventures Private Limited - Tamil Nadu,33AAJCB8385R1ZS,,Aditya,No,Sandeep bhat,0,,In Progress,In Progress,Pending,,,,,,No,Pending,
40,Boxseat Ventures Private Limited - Rajasthan,08AAJCB8385R1ZL,,Aditya,No,Sandeep bhat,0,,In Progress,In Progress,Pending,,,,,,No,Pending,
41,Boxseat Ventures Private Limited - Haryana ,06AAJCB8385R2ZO,,Aditya,No,Vinay kumar ,0,,In Progress,In Progress,Pending,,,,,,No,Pending,
42,Boxseat Ventures Private Limited - Telangana,36AAJCB8385R1ZM,,Aditya,No,Vinay kumar ,0,,In Progress,In Progress,Pending,,,,,,No,Pending,
43,Fireside Investment Advisory LLP - Gift City,24AAFFF0042A1ZE,,Aditya,No,Praveen Poojary,0,,In Progress,In Progress,Pending,,,,,,No,Pending,
44,AUBRANT DIGITAL INDIA PRIVATE LIMITED,36ABACA1983C1ZZ,,Aditya,No,Prajwala,0,,In Progress,Pending,Pending,,,,,,No,Pending,
45,GLOBAL BYTE BRIDGE PRIVATE LIMITED,27AALCG2029B1ZY,,Aditya,No,Vinay kumar ,0,,In Progress,In Progress,Pending,,,,,,No,Pending,
46,BCM Management India Private Limited,36AAMCB3279K1Z6,,Aditya,No,Vinay kumar ,0,,In Progress,In Progress,Pending,,,,,,No,Pending,
47,AWAVE SEMICONDUCTOR INDIA PRIVATE LIMITED,29AAACO5915B1ZO,,Aditya,No,Vinay kumar ,0,,In Progress,In Progress,Pending,,,,,,No,Pending,
48,AWAVE SEMICONDUCTOR INDIA PRIVATE LIMITED,27AAACO5915B1ZS,,Aditya,No,Vinay kumar ,0,,In Progress,In Progress,Pending,,,,,,No,Pending,
49,Arrowsight Private Limited,36AAXCA9421B1ZJ,,Aditya,No,Sachin,0,,In Progress,In Progress,Pending,,,,,,No,Pending,
50,The Chanakya University,29AAAJT3006F1ZA,,Aditya,No,Sachin,0,,Ready for filing,Ready for filing,Pending,,,,,,No,Pending,
54,GGWP India Private Limited,29AAICG7649A1ZF,,Aditya,No,Sachin,0,,Ready for filing,Ready for filing,Pending,,,,,,No,Pending,
56,Boxseat Ventures Private Limited - DL,07AAJCB8385R1ZN,,Aditya,No,Sachin,0,,In Progress,In Progress,Pending,,,,,,No,Pending,
57,Boxseat Ventures Private Limited - WB,19AAJCB8385R1ZI,,Aditya,No,Sachin,0,,In Progress,In Progress,Pending,,,,,,No,Pending,
58,Boxseat Ventures Private Limited - UP,09AAJCB8385R1ZJ,,Aditya,No,Sachin,0,,In Progress,In Progress,Pending,,,,,,No,Pending,
59,E6Data Computing Private Limited,29AAICE0484D1ZO,,Aditya,No,Sachin,0,,Ready for filing,Ready for filing,Pending,,,,,,No,Pending,
60,Vervent Technologies Private Limited-DTA,29AAKCV1283B1ZA,,Aditya,No,Sachin,0,,In Progress,In Progress,Pending,,,,,,No,Pending,
61,Vervent Technologies Private Limited-SEZ,29AAKCV1283B2Z9,,Aditya,No,Sachin,0,,In Progress,In Progress,Pending,,,,,,No,Pending,
62,Tricentis India Pvt Ltd,27AAGCT1444E1ZJ,,Vishwas,No,,0,,In Progress,In Progress,Pending,,,,,,No,Pending,
63,Ennoventure Technologies Pvt Ltd,29AAFCE8047H1ZC,,Vishwas,No,,0,,In Progress,In Progress,Pending,,,,,,No,Pending,
64,Alphonso Labs Private Limited,29AAPCA8040E1ZJ,,Vishwas,No,,0,,In Progress,In Progress,Pending,,,,,,No,Pending,
65,Reflektive Labs Pvt Ltd,29AAICR5084N1ZK,,Vishwas,No,,0,,In Progress,In Progress,Pending,,,,,,No,Pending,
66,Mobilizar Technologies Private Limited - Karnataka,29AAKCM2075Q1ZO,,Vishwas,No,,0,,In Progress,In Progress,Pending,,,,,,No,Pending,
67,Mobilizar Technologies Private Limited - Mumbai,27AAKCM2075Q1ZS,,Vishwas,No,,0,,In Progress,In Progress,Pending,,,,,,No,Pending,
68,Illig India Private Limited,29AADCI4680A1ZP,,Vishwas,No,,0,,In Progress,In Progress,Pending,,,,,,No,Pending,
69,iD Fresh Foods - Karnataka,29AAICM3930G1ZD,,Vishwas,No,,0,,In Progress,In Progress,Pending,,,,,,No,Pending,
70,iD Fresh Foods - Tamil Nadu,33AAICM3930G1ZO,,Vishwas,No,,0,,In Progress,In Progress,Pending,,,,,,No,Pending,
71,iD Fresh Foods - Maharashtra,27AAICM3930G1ZH,,Vishwas,No,,0,,In Progress,In Progress,Pending,,,,,,No,Pending,
72,iD Fresh Foods - Telangana,36AAICM3930G1ZI,,Vishwas,No,,0,,In Progress,In Progress,Pending,,,,,,No,Pending,
73,iD Fresh Foods - Kerala,32AAICM3930G1ZQ,,Vishwas,No,,0,,In Progress,In Progress,Pending,,,,,,No,Pending,
74,iD Fresh Foods - Andhra Pradesh,37AAICM3930G2ZF,,Vishwas,No,,0,,In Progress,In Progress,Pending,,,,,,No,Pending,
75,iD Fresh Foods - Delhi,07AAICM3930G1ZJ,,Vishwas,No,,0,,In Progress,In Progress,Pending,,,,,,No,Pending,
76,iD Fresh Foods - West Bengal,19AAICM3930G1ZE,,Vishwas,No,,0,,In Progress,In Progress,Pending,,,,,,No,Pending,
77,iD Fresh Foods - Goa,30AAICM3930G1ZU,,Vishwas,No,,0,,In Progress,In Progress,Pending,,,,,,No,Pending,
78,iD Fresh Foods - Haryana,06AAICM3930G1ZL,,Vishwas,No,,0,,In Progress,In Progress,Pending,,,,,,No,Pending,
79,iD Fresh Foods - Uttar Pradesh,09AAICM3930G1ZF,,Vishwas,No,,0,,In Progress,In Progress,Pending,,,,,,No,Pending,
80,iD Fresh Foods - Rajasthan,08AAICM3930G1ZH,,Vishwas,No,,0,,In Progress,In Progress,Pending,,,,,,No,Pending,
81,iD Fresh Foods - Gujarat,24AAICM3930G1ZN,,Vishwas,No,,0,,In Progress,In Progress,Pending,,,,,,No,Pending,
82,iD Fresh Foods - Punjab,03AAICM3930G1ZR,,Vishwas,No,,0,,In Progress,In Progress,Pending,,,,,,No,Pending,
83,KAIDFRESHISD,29AAICM3930G2ZC,,Vishwas,No,,0,,In Progress,In Progress,Pending,,,,,,No,Pending,
84,PRAVEENKUMAR CHANDRASHEKAR,29AGDPC7254R1ZT,,Vishwas,No,,0,,In Progress,In Progress,Pending,,,,,,No,Pending,
85,Dilipkumar Karodimal Khandelwal ,29AFRPK9118H1ZV,,Vishwas,No,,0,,In Progress,In Progress,Pending,,,,,,No,Pending,
86,ODT India Center of Excellence Private Limited,29AACCO9568Q1ZA,,Vishwas,No,,0,,In Progress,In Progress,Pending,,,,,,No,Pending,
87,ODT India Center of Excellence Private Limited,36AACCO9568Q1ZF,,Vishwas,No,,0,,In Progress,In Progress,Pending,,,,,,No,Pending,
88,ARMORCODE INDIA PRIVATE LIMITED,29AAUCA4099C1Z7,,Vishwas,No,,0,,In Progress,In Progress,Pending,,,,,,No,Pending,
89,ARMORCODE INDIA PRIVATE LIMITED - Haryana,,,Vishwas,No,,0,,In Progress,In Progress,Pending,,,,,,No,Pending,
90,MOVEWORKS PRIVATE LIMITED,29AANCM9214E1Z7,,Vishwas,No,,0,,In Progress,In Progress,Pending,,,,,,No,Pending,
91,L29 Expansion Solutions Pvt Ltd,29AAECL5421F1ZM,,Vishwas,No,,0,,In Progress,In Progress,Pending,,,,,,No,Pending,
92,Perfios - Karnataka,29AAECP7093F1Z2,,Vishwas,No,,0,,In Progress,In Progress,Pending,,,,,,No,Pending,
93,Perfios - Mumbai,27AAECP7093F1Z6,,Vishwas,No,,0,,In Progress,In Progress,Pending,,,,,,No,Pending,
94,Perfios - NBFC-Perfios AA,29AAJCP4853C1Z9,,Vishwas,No,,0,,In Progress,In Progress,Pending,,,,,,No,Pending,
95,Perfios - Delhi,07AAECP7093F1Z8,,Vishwas,No,,0,,In Progress,In Progress,Pending,,,,,,No,Pending,
96,Perfios - Noida,09AAECP7093F1Z4,,Vishwas,No,,0,,In Progress,In Progress,Pending,,,,,,No,Pending,
97,Satys Electric India Pvt Ltd,29ABHCS7138L1ZN,,Vishwas,No,,0,,In Progress,In Progress,Pending,,,,,,No,Pending,
98,AR GRANDEYE INDIA PRIVATE LIMITED,07AANCA0855B1ZY,,Vishwas,No,,0,,In Progress,In Progress,Pending,,,,,,No,Pending,
99,Augnito India Private Limited,27AAWCA5581B1ZE,,Vishwas,No,,0,,In Progress,In Progress,Pending,,,,,,No,Pending,
100,Augnito India Private Limited - KA,29AAWCA5581B1ZA,,Vishwas,No,,0,,In Progress,In Progress,Pending,,,,,,No,Pending,
101,Pixxelspace India Private Limited,29ABBCS8129H1Z1,,Vishwas,No,,0,,In Progress,In Progress,Pending,,,,,,No,Pending,
102,Spacepixxel Technologies Private Limited,29AAGCN0983J1Z0,,Vishwas,No,,0,,In Progress,In Progress,Pending,,,,,,No,Pending,
103,Cyllid Technologis Pvt Ltd - Karnataka,29AAGCC6749K1Z1,,Vishwas,No,,0,,In Progress,In Progress,Pending,,,,,,No,Pending,
104,Cyllid Technologis Pvt Ltd - Haryana,06AAGCC6749K1Z9,,Vishwas,No,,0,,In Progress,In Progress,Pending,,,,,,No,Pending,
105,Bold Finance Technologies Pvt Ltd - Maharashtra,27AAKCB1832C1Z1,,Vishwas,No,,0,,In Progress,In Progress,Pending,,,,,,No,Pending,
106,Bold Finance Technologies Pvt Ltd - Rajasthan,08AAKCB1832C1Z1,,Vishwas,No,,0,,In Progress,In Progress,Pending,,,,,,No,Pending,
107,Karza Technologies Private Limited,27AAFCK8380D1ZE,,Vishwas,No,,0,,In Progress,In Progress,Pending,,,,,,No,Pending,
108,Scribetech India Healthcare Private Limited - Karnataka,29AABCE2191E1ZT,,Vishwas,No,,0,,In Progress,In Progress,Pending,,,,,,No,Pending,
109,Scribetech India Healthcare Private Limited - Maharashtra,27AABCE2191E2ZW,,Vishwas,No,,0,,In Progress,In Progress,Pending,,,,,,No,Pending,
110,Ennoventure Marketing India Pvt Ltd,29AAHCE4006C1Z1,,Vishwas,No,,0,,In Progress,In Progress,Pending,,,,,,No,Pending,
111,Partex Marking Systems India Pvt Ltd,29AAHCP0512E1ZR,,Balaji,No,Santosh R,0,,In Progress,In Progress,Pending,,,,,,No,Pending,
112,Fundamentum Investment advisory LLP Karnataka,29AAHFF8123E1ZG,,Vishwas,No,,0,,In Progress,In Progress,Pending,,,,,,No,Pending,
113,Fundamentum Investment advisory LLP Haryana,06AAHFF8123E1ZO,,Vishwas,No,,0,,In Progress,In Progress,Pending,,,,,,No,Pending,
114,The Fundamentum Partnership Fund I,06AACTT9886F1ZW,,Vishwas,No,,0,,In Progress,In Progress,Pending,,,,,,No,Pending,
115,BEEROUTE RESEARCH PRIVATE LIMITED,29AAGCB5072L1ZA,,Vishwas,No,,0,,In Progress,In Progress,Pending,,,,,,No,Pending,
116,REDSEER MANAGEMENT CONSULTING PRIVATE LIMITED,29AAECR5087K1ZR,,Vishwas,No,,0,,In Progress,In Progress,Pending,,,,,,No,Pending,
117,REDSEER MANAGEMENT CONSULTING PRIVATE LIMITED,06AAECR5087K1ZZ,,Vishwas,No,,0,,In Progress,In Progress,Pending,,,,,,No,Pending,
118,Redseer strategy consultants private limited	,29AAMCR6459F1ZS,,Vishwas,No,,0,,In Progress,In Progress,Pending,,,,,,No,Pending,
119,Redseer strategy consultants private limited	,06AAMCR6459F1Z0,,Vishwas,No,,0,,In Progress,In Progress,Pending,,,,,,No,Pending,
120,ManifestIT Software India Pvt Ltd,29AARCM2781L1ZM,,Vishwas,No,,0,,In Progress,In Progress,Pending,,,,,,No,Pending,
121,MYSA INNOVATIONS PRIVATE LIMITED,29AARCM0248C1ZF,,Vishwas,No,,0,,In Progress,In Progress,Pending,,,,,,No,Pending,
122,WEEKDAY OPERATION VACATION PRIVATE LIMITED (Stackit),29AADCW4862A1ZB,,Vishwas,No,,0,,In Progress,In Progress,Pending,,,,,,No,Pending,
123,CHOTA HOSPITAL PRIVATE LIMITED(Indore-MP) (Docvita),23AAGCC0782J1ZQ,,Vishwas,No,,0,,In Progress,In Progress,Pending,,,,,,No,Pending,
124,CHOTA HOSPITAL PRIVATE LIMITED(Ahmedabad-Gujarat) (Docvita),24AAGCC0782J1ZO,,Vishwas,No,,0,,In Progress,In Progress,Pending,,,,,,No,Pending,
125,CHOTA HOSPITAL PRIVATE LIMITED(Karnataka) (Docvita),29AAGCC0782J1ZE,,Vishwas,No,,0,,In Progress,In Progress,Pending,,,,,,No,Pending,
126,CHOTA HOSPITAL PRIVATE LIMITED(Haryana) (Docvita),06AAGCC0782J1ZM,,Vishwas,No,,0,,In Progress,In Progress,Pending,,,,,,No,Pending,
127,Rootfi Technologies Pvt Ltd,29AAMCR0971J1ZU,,Vishwas,No,,0,,In Progress,In Progress,Pending,,,,,,No,Pending,
128,Inagiffy Solutions Private Limited,27AAHCI1508H1ZQ,,Vishwas,No,,0,,In Progress,In Progress,Pending,,,,,,No,Pending,
129,First Estate Properties Pvt Ltd (Pradeep Joe),29ABDPV7157P1ZM,,Balaji,No,Bhoomika,0,,In Progress,Pending,Pending,,,,,,No,Pending,
130,GrowthPlug India Private Ltd,32AAJCG0086C1Z2,,Balaji,No,Bhoomika,0,,In Progress,Pending,Pending,,,,,,No,Pending,
131,Shankar Electricals ,29ADAFS2432D1ZE,,Balaji,No,Bhoomika,0,,In Progress,Pending,Pending,,,,,,No,Pending,
132,JUNIOR ACHIEVEMENT INDIA SERVICES,29AABCJ8534G1ZD,,Balaji,No,Bhoomika,0,,In Progress,Pending,Pending,,,,,,No,Pending,
133,Dataart Technologies India Pvt Ltd,29AAJCD9856F1Z2,,Balaji,No,Santosh R,0,,In Progress,In Progress,Pending,,,,,,No,Pending,
134,Silergy Technologies Pvt Ltd,29AAXCS0828A1Z5,,Balaji,No,Santosh R,0,,In Progress,In Progress,Pending,,,,,,No,Pending,
135,RUDDERSTACK INDIA PRIVATE LIMITED,29AALCR8459C1ZV,,Balaji,No,Santosh R,0,,In Progress,In Progress,Pending,,,,,,No,Pending,
136,AUXIA SOFTWARE INDIA PRIVATE LIMITED,29AAXCA2921L1Z2,,Balaji,No,Bhoomika,0,,In Progress,In Progress,Pending,,,,,,No,Pending,
137,PFF Analytics Pvt Ltd,29AAMCP9862G1ZN,,Balaji,No,Praveen Poojary,0,,In Progress,In Progress,Pending,,,,,,No,Pending,
138,Silvermine Software India Pvt ltd,29AAVCS8117Q1Z4,,Balaji,No,Praveen Poojary,0,,In Progress,In Progress,Pending,,,,,,No,Pending,
139,Hevo Technologies India Pvt Ltd,29AAECH2843R1ZX,,Balaji,No,Santosh R,0,,In Progress,In Progress,Pending,,,,,,No,Pending,
140,CGIF IT Consulting,27AAICC2167M1ZB,,Balaji,No,Naveen,0,,In Progress,In Progress,Pending,,,,,,No,Pending,
141,Cradlepoint India Private Limited,29AAJCC4914B1ZU,,Balaji,No,Santosh R,0,,In Progress,In Progress,Pending,,,,,,No,Pending,
142,Freudenberg Regional Corporate Center India Pvt Ltd PB,03AACCF4030E1ZF,,Balaji,No,Naveen,0,,In Progress,In Progress,Pending,,,,,,No,Pending,
143,Freudenberg Regional Corporate Center India Pvt Ltd KA,29AACCF4030E1Z1,,Balaji,No,Naveen,0,,In Progress,In Progress,Pending,,,,,,No,Pending,
144,Frontdotpage Private Limited,29AAECF6146R1ZV,,Balaji,No,Bhoomika,0,,In Progress,Pending,Pending,,,,,,No,Pending,
145,Interlink Engage Private Limited,27AAGCI7665A1ZJ,,Balaji,No,Santosh R,0,,In Progress,In Progress,Pending,,,,,,No,Pending,
146,Sprint365 India Private Limited,36ABKCS4120P1ZX,,Balaji,No,Santosh R,0,,In Progress,In Progress,Pending,,,,,,No,Pending,
147,Fireside venture Capital Managaement LLP ,29AAIFF0493L1ZZ,,Balaji,No,Guruprasad Shenoy,0,,In Progress,In Progress,Pending,,,,,,No,Pending,
148,Fireside Ventures Investment Fund I,29AAATF5691G2ZE,,Balaji,No,Guruprasad Shenoy,0,,In Progress,In Progress,Pending,,,,,,No,Pending,
149,Fireside Ventures Advisory LLP,29AAIFF0444P1Z0,,Balaji,No,Guruprasad Shenoy,0,,In Progress,In Progress,Pending,,,,,,No,Pending,
150,Mercuri Urval Business Consulting Pvt Ltd,29AAFCM7540K1Z1,,Balaji,No,Santosh R,0,,In Progress,In Progress,Pending,,,,,,No,Pending,
151,Fyers Securities Pvt Ltd,29AADCF5513D1ZW,,Balaji,No,Naveen,0,,In Progress,In Progress,Pending,,,,,,No,Pending,
152,Forge Quest Private Limited,29AAFCF7940Q1ZS,,Balaji,No,Bhoomika,0,,In Progress,In Progress,Pending,,,,,,No,Pending,
153,SCHOOL SHOP PRIVATE LIMITED- KA,29AACCD7820Q1Z2,,Balaji,No,Guruprasad Shenoy,0,,In Progress,In Progress,Pending,,,,,,No,Pending,
154,SCHOOL SHOP PRIVATE LIMITED- TN,33AACCD7820Q1ZD,,Balaji,No,Guruprasad Shenoy,0,,In Progress,In Progress,Pending,,,,,,No,Pending,
155,SCHOOL SHOP PRIVATE LIMITED- MH,27AACCD7820Q1Z6,,Balaji,No,Guruprasad Shenoy,0,,In Progress,In Progress,Pending,,,,,,No,Pending,
156,SCHOOL SHOP PRIVATE LIMITED- HR,06AACCD7820Q1ZA,,Balaji,No,Guruprasad Shenoy,0,,In Progress,In Progress,Pending,,,,,,No,Pending,
157,SCHOOL SHOP PRIVATE LIMITED- TS,36AACCD7820Q1Z7,,Balaji,No,Guruprasad Shenoy,0,,In Progress,In Progress,Pending,,,,,,No,Pending,
158,SCHOOL SHOP PRIVATE LIMITED- MP,23AACCD7820Q1ZE,,Balaji,No,Guruprasad Shenoy,0,,In Progress,In Progress,Pending,,,,,,No,Pending,
159,K12 techno Services Pvt Ltd Karnataka,29AADCK9059R1ZH,,Balaji,No,Guruprasad Shenoy,0,,In Progress,In Progress,Pending,,,,,,No,Pending,
160,K12 techno Services Pvt Ltd  Maharastra,27AADCK9059R1ZL,,Balaji,No,Guruprasad Shenoy,0,,In Progress,In Progress,Pending,,,,,,No,Pending,
161,FLOWSERVE MICROFINISH PUMPS PVT LTD,29AAACF3991Q1ZU,,Balaji,No,Santosh R,0,,In Progress,In Progress,Pending,,,,,,No,Pending,
162,FLOWSERVE MICROFINISH VALVES PVT LTD,29AAACF3990R1ZT,,Balaji,No,Santosh R,0,,In Progress,In Progress,Pending,,,,,,No,Pending,
163,PFF FC INDIA PRIVATE LIMITED,29AAOCP6856A1Z1,,Balaji,No,Praveen Poojary,0,,In Progress,In Progress,Pending,,,,,,No,Pending,
164,SCHOOL SHOP PRIVATE LIMITED- RJ,08AACCD7820Q1Z6,,Balaji,No,Sunil H,0,,Pending,Pending,Pending,,,,,,No,Pending,
165,Helion Advisors Private Limited Karnataka,29AABCH7151B1ZU,,Balaji,No,Santosh R,0,,In Progress,In Progress,Pending,,,,,,No,Pending,
166,Helion Advisors Private Limited Haryana,06AABCH7151B1Z2,,Balaji,No,Santosh R,0,,In Progress,In Progress,Pending,,,,,,No,Pending,
167,Opticos India Private Limited,29AADCO6818Q1ZM,,Balaji,No,Santosh R,0,,In Progress,In Progress,Pending,,,,,,No,Pending,
168,Karnataka power corporation  limited,29AAACK8032D1ZQ,,Balaji,No,Santosh R,0,,In Progress,In Progress,Pending,,,,,,No,Pending,
169,Health Asyst Private Limited,29AAACH6375A1ZP,,Chandru,No,Kavya,0,,In Progress,In Progress,Pending,,,,,,No,Pending,
170,Roopa Kala Omkar (The Nest),29AEUPO0359Q1ZE,Non CAS,Gowtham R,No,Gowtham R,0,,In Progress,Pending,Pending,,,,,,No,Pending,
171,SURAKSHA HOSPITALITY - FY 2022-23,29ADWFS3804K1ZB,Non CAS,Gowtham R,No,Gowtham R,0,,In Progress,Pending,Pending,,,,,,No,Pending,
172,SURAKSHA HOSPITALITY - FY 2023-24,29ADWFS3804K1ZB,Non CAS,Gowtham R,No,Gowtham R,0,,In Progress,Pending,Pending,,,,,,No,Pending,
173,SURAKSHA HOSPITALITY - FY 2024-25,29ADWFS3804K1ZB,Non CAS,Gowtham R,No,Gowtham R,0,,Yet to Start,Pending,Pending,,,,,,No,Pending,
174,Next Bharath Ventures - Karnataka,29AAJCN8555D1Z2,,Aditya,No,Sandeep bhat,0,,In Progress,In Progress,Pending,,,,,,No,Pending,
175,Next Bharath Ventures - Telangana,36AAJCN8555D1Z7,,Aditya,No,Sandeep bhat,0,,In Progress,In Progress,Pending,,,,,,No,Pending,
176,MakeenAssam,18AACCK8910E1ZM,,Aditya,No,Sandeep bhat,0,,In Progress,In Progress,Pending,,,,,,No,Pending,
177,MakeenBihar,10AACCK8910E1Z2,,Aditya,No,Sandeep bhat,0,,In Progress,In Progress,Pending,,,,,,No,Pending,
178,MakeenChattisgarh,22AACCK8910E1ZX,,Aditya,No,Sandeep bhat,0,,In Progress,In Progress,Pending,,,,,,No,Pending,
179,MakeenGujarat,24AACCK8910E1ZT,,Aditya,No,Sandeep bhat,0,,In Progress,In Progress,Pending,,,,,,No,Pending,
180,MakeenJharkhand,20AACCK8910E1Z1,,Aditya,No,Sandeep bhat,0,,In Progress,In Progress,Pending,,,,,,No,Pending,
181,MakeenMadhya pradesh,23AACCK8910E1ZV,,Aditya,No,Sandeep bhat,0,,In Progress,In Progress,Pending,,,,,,No,Pending,
182,MakeenHaryana,06AACCK8910E1ZR,,Aditya,No,Sandeep bhat,0,,In Progress,In Progress,Pending,,,,,,No,Pending,
183,MakeenMaharashtra,27AACCK8910E1ZN,,Aditya,No,Sandeep bhat,0,,In Progress,In Progress,Pending,,,,,,No,Pending,
184,MakeenPunjab,03AACCK8910E1ZX,,Aditya,No,Sandeep bhat,0,,In Progress,In Progress,Pending,,,,,,No,Pending,
185,MakeenKarnataka,29AACCK8910E1ZJ,,Aditya,No,Sandeep bhat,0,,In Progress,In Progress,Pending,,,,,,No,Pending,
186,MakeenOdisha,21AACCK8910E1ZZ,,Aditya,No,Sandeep bhat,0,,In Progress,In Progress,Pending,,,,,,No,Pending,
187,MakeenTamil Nadu,33AACCK8910E1ZU,,Aditya,No,Sandeep bhat,0,,In Progress,In Progress,Pending,,,,,,No,Pending,
188,MakeenUttar Pradesh,09AACCK8910E1ZL,,Aditya,No,Sandeep bhat,0,,In Progress,In Progress,Pending,,,,,,No,Pending,
189,MakeenTelangana,36AACCK8910E1ZO,,Aditya,No,Sandeep bhat,0,,In Progress,In Progress,Pending,,,,,,No,Pending,
190,Sombo Communication,,,Balaji,No,Santosh R,0,,In Progress,In Progress,Pending,,,,,,No,Pending,
191,Anteriad Private Limited,29AAECT0059K1Z3,,Balaji,No,Santosh R,0,,In Progress,In Progress,Pending,,,,,,No,Pending,
192,Tectonic Labs India Private Limited,29AAKCT3529Q1ZG,Sanjay Y,Chandru,No,Siddaraju,0,,Yet to Start,Yet to Start,Pending,,,,,,No,Pending,
193,Fermbox Bio Private Limited,29AAFCF3049L1ZA,Nagaveni,Chandru,No,Praveen R,0,,Yet to Start,Yet to Start,Pending,,,,,,No,Pending,
194,Assiduus Distribution Private Limited,29AARCA3477F1Z8,Non CAS,Chandru,No,Siddraju /  Praveen R / Nisarga G,0,,Yet to Start,Yet to Start,Pending,,,,,,No,Pending,
195,Assiduus Distribution Private Limited,06AARCA3477F1ZG,Non CAS,Chandru,No,Siddraju /  Praveen R / Nisarga G,0,,Yet to Start,Yet to Start,Pending,,,,,,No,Pending,
196,Assiduus Distribution Private Limited,07AARCA3477F1ZE,Non CAS,Chandru,No,Siddraju /  Praveen R / Nisarga G,0,,Yet to Start,Yet to Start,Pending,,,,,,No,Pending,
197,Assiduus Distribution Private Limited,27AARCA3477F1ZC,Non CAS,Chandru,No,Siddraju /  Praveen R / Nisarga G,0,,Yet to Start,Yet to Start,Pending,,,,,,No,Pending,
198,Assiduus Distribution Private Limited,19AARCA3477F1Z9,Non CAS,Chandru,No,Siddraju /  Praveen R / Nisarga G,0,,Yet to Start,Yet to Start,Pending,,,,,,No,Pending,
1,Stueve Engineering India Private Limited,33ABDCS8506J1Z8,CAS,Chandru,No,-,0,,Pending,Pending,Pending,,,,,,No,Pending,
2,Kiwi India Private Limited,29AAECK4432B1ZU,,Aditya,No,Prajwala,0,,Pending,Pending,Pending,,,,,,No,Pending,
3,Datarynx Private Limited - Karnataka,29AAFCD6621C2ZU,,Aditya,No,Sandeep bhat,0,,Pending,Pending,Pending,,,,,,No,Pending,
4,Geo Semiconductor (India) Private Limited,29AAFCG1230N1ZI,,Aditya,No,Prajwala,0,,Pending,Pending,Pending,,,,,,No,Pending,
5,SUPPORT.COM INDIA PRIVATE LIMITED,29AAHCS3904R1ZN,,Aditya,No,Praveen Poojary,0,,Pending,Pending,Pending,,,,,,No,Pending,
6,Picsart Technologies India Pvt Ltd - karnataka,29AAMCP0385Q1ZI,,Balaji,No,Bhoomika,0,,Pending,Pending,Pending,,,,,,No,Pending,
7,VaNashri Technology Consulting ,29ANAPS9419C1ZT,,Balaji,No,Santosh R,0,,Pending,Pending,Pending,,,,,,No,Pending,
51,Excelpoint Systems (India) Private Limited - KA,29AACCE0004D1ZE,,Aditya,No,Sachin,0,,In Progress,In Progress,Pending,,,,,,No,Pending,
52,Excelpoint Systems (India) Private Limited - DL,07AACCE0004D1ZK,,Aditya,No,Sachin,0,,In Progress,In Progress,Pending,,,,,,No,Pending,
53,Excelpoint Systems (India) Private Limited - MH,27AACCE0004D1ZI,,Aditya,No,Sachin,0,,In Progress,In Progress,Pending,,,,,,No,Pending,
55,Bhanuprakash V,29CBKPV0589A1ZA,,Aditya,No,Sachin,0,,In Progress,In Progress,Pending,,,,,,No,Pending,
